INSERT INTO language_tbl(id, name) VALUES
(1	,	'Aboleth'),
(2	,	'Alko'),
(3	,	'ClassicalArcane'),
(4	,	'Dragon'),
(5	,	'Dwarven'),
(6	,	'Edhellen'),
(7	,	'English'),
(8	,	'Halfling'),
(9	,	'Infernal'),
(10	,	'Khuzdûl'),
(11	,	'Kobold'),
(12	,	'LizardFolk'),
(13	,	'Necril'),
(14	,	'Nerlendic'),
(15	,	'Nitholan'),
(16	,	'NitholanEmpire'),
(17	,	'OldDragon'),
(18	,	'OldNerlendic'),
(19	,	'OldNitholan'),
(20	,	'OldRunic'),
(21	,	'Orkish'),
(22	,	'PrimalMagic'),
(23	,	'ProtoCreation'),
(24	,	'ProtoDragon'),
(25	,	'ProtoDwarven'),
(26	,	'ProtoElven'),
(27	,	'ProtoHuman'),
(28	,	'ProtoMaterial'),
(29	,	'ProtoMonster'),
(30	,	'ProtoOrk'),
(31	,	'ProtoTengu'),
(32	,	'Queran'),
(33	,	'SlaveRunic'),
(34	,	'Sylvan'),
(35	,	'Titan');

INSERT INTO word_tbl(id, word, part_of_speech, lang_id) VALUES
(1, 'apó', 'Adverb', 35),   
(2, 'bʰréH2ter', 'Noun', 35),   
(3, 'déiwos', 'Noun', 35),   
(4, 'dék̂m̥t', 'Numeral', 35),   
(5, 'dʰeĝʰom', 'Noun', 35),   
(6, 'dʰĝʰemon', 'Noun', 35),   
(7, 'dʰugH2tér', 'Noun', 35),   
(8, 'doru', 'Noun', 35),   
(9, 'dreu', 'Noun', 35),   
(10, 'dwidk̂m̥̥tiH1', 'Numeral', 35),   
(11, 'dwóH1', 'Numeral', 35),   
(12, 'dyēus', 'Noun', 35),   
(13, 'egH2', 'Pronoun', 35),   
(14, 'en', 'Preposition', 35),   
(15, 'esH2nés', 'Noun', 35),   
(16, 'ĝenH1', 'Verb', 35),   
(17, 'ĝénH3', 'Verb', 35),   
(18, 'ĝnéH3sk̂', 'Verb', 35),   
(19, 'ĝonH2dʰos', 'Noun', 35),   
(20, 'gʷerH2', 'Adjective', 35),   
(21, 'gʷʰerm', 'Adjective', 35),   
(22, 'gʷiH3wo', 'Adjective', 35),   
(23, 'gʷiH3woteH2', 'Noun', 35),   
(24, 'H1dn̥t', 'Noun', 35),   
(25, 'H1neH3mn̥', 'Noun', 35),   
(26, 'H1néwn̥', 'Numeral', 35),   
(27, 'H1ok̂tōu', 'Numeral', 35),   
(28, 'H2enH1', 'Verb', 35),   
(29, 'H2entá', 'Preposition', 35),   
(30, 'H2ents', 'Noun', 35),   
(31, 'H2eug', 'Verb', 35),   
(32, 'H2óst', 'Noun', 35),   
(33, 'H2ster', 'Noun', 35),   
(34, 'H2weH1n̥to', 'Noun', 35),   
(35, 'H2yuHn̥', 'Adjective', 35),   
(36, 'H3okʷ', 'Noun', 35),   
(37, 'k̂leus', 'Verb', 35),   
(38, 'k̂m̥tóm', 'Numeral', 35),   
(39, 'kʷe', 'Conjunction', 35),   
(40, 'kʷe', 'Adverb', 35),   
(41, 'kʷei', 'Adverb', 35),   
(42, 'kʷetwóres', 'Numeral', 35),   
(43, 'kʷid', 'Pronoun', 35),   
(44, 'leuk', 'Noun', 35),   
(45, 'medʰyo', 'Preposition', 35),   
(46, 'medʰyo', 'Noun', 35),   
(47, 'meĝ', 'Adjective', 35),   
(48, 'meH1ns', 'Noun', 35),   
(49, 'méH2tēr', 'Noun', 35),   
(50, 'men', 'Verb', 35),   
(51, 'mer', 'Verb', 35),   
(52, 'n̥', 'Adverb', 35),   
(53, 'óinos', 'Numeral', 35),   
(54, 'péH2wr̥', 'Noun', 35),   
(55, 'pénkʷe', 'Numeral', 35),   
(56, 'per', 'Preposition', 35),   
(57, 'pH2tér', 'Noun', 35),   
(58, 'prek̂', 'Verb', 35),   
(59, 'seH2wol', 'Noun', 35),   
(60, 'sekʷ', 'Verb', 35),   
(61, 'sem', 'Adverb', 35),   
(62, 'sen', 'Adjective', 35),   
(63, 'sneigʷʰ', 'Verb', 35),   
(64, 'suHnú', 'Noun', 35),   
(65, 'swék̂s', 'Numeral', 35),   
(66, 'swe', 'Pronoun', 35),   
(67, 'swepnos', 'Noun', 35),   
(68, 'swep', 'Verb', 35),   
(69, 'swésor', 'Noun', 35),   
(70, 'tréyes', 'Numeral', 35),   
(71, 'tu', 'Pronoun', 35),   
(72, 'upéri', 'Preposition', 35),   
(73, 'weid', 'Verb', 35),   
(74, 'wekʷ', 'Verb', 35),   
(75, 'wī́k̂m̥̥tiH1', 'Numeral', 35),   
(76, 'wódr̥', 'Noun', 35),   
(77, 'woid', 'Verb', 35);   

INSERT INTO word_tbl(id, word, part_of_speech, lang_id) VALUES
(78, 'above', 'Preposition', 3), 
(79, 'across', 'Preposition', 3), 
(80, 'alive', 'Adjective', 3), 
(81, 'and', 'Conjunction', 3), 
(82, 'any', 'Adverb', 3), 
(83, 'ask', 'Verb', 3), 
(84, 'away', 'Adverb', 3), 
(85, 'beyond', 'Preposition', 3), 
(86, 'big', 'Adjective', 3), 
(87, 'blood', 'Noun', 3), 
(88, 'bone', 'Noun', 3), 
(89, 'bonfire', 'Noun', 3), 
(90, 'breathe', 'Verb', 3), 
(91, 'brightness', 'Noun', 3), 
(92, 'brother', 'Noun', 3), 
(93, 'cheek', 'Noun', 3), 
(94, 'daughter', 'Noun', 3), 
(95, 'day', 'Noun', 3), 
(96, 'die', 'Verb', 3), 
(97, 'dream', 'Noun', 3), 
(98, 'earth', 'Noun', 3), 
(99, 'eight', 'Numeral', 3), 
(100, 'eye', 'Noun', 3), 
(101, 'father', 'Noun', 3), 
(102, 'find', 'Verb', 3), 
(103, 'five', 'Numeral', 3), 
(104, 'forehead', 'Noun', 3), 
(105, 'four', 'Numeral', 3), 
-- (106, 1, 'give birth', 'Verb', 3), 
(107, 'god', 'Noun', 3), 
(108, 'grow', 'Verb', 3), 
(109, 'hear', 'Verb', 3), 
(110, 'heavy', 'Adjective', 3), 
(111, 'hundred', 'Numeral', 3), 
(112, 'increase', 'Verb', 3), 
-- (113, 1, 'in front of', 'Preposition', 3), 
(114, 'in', 'Preposition', 3), 
(115, 'I', 'Pronoun', 3), 
(116, 'know', 'Verb', 3), 
(117, 'life', 'Noun', 3), 
(118, 'light', 'Noun', 3), 
(119, 'middle', 'Noun', 3), 
(120, 'mid', 'Preposition', 3), 
(121, 'month', 'Noun', 3), 
(122, 'moon', 'Noun', 3), 
(123, 'mother', 'Noun', 3), 
(124, 'name', 'Noun', 3), 
(125, 'nine', 'Numeral', 3), 
(126, 'not', 'Adverb', 3), 
(127, 'old', 'Adjective', 3), 
(128, 'one', 'Numeral', 3), 
(129, 'oneself', 'Pronoun', 3), 
(130, 'over', 'Preposition', 3), 
(131, 'person', 'Noun', 3), 
(132, 'recognize', 'Verb', 3), 
(133, 'say', 'Verb', 3), 
(134, 'see', 'Verb', 3), 
(135, 'sister', 'Noun', 3), 
(136, 'six', 'Numeral', 3), 
(137, 'sleep', 'Verb', 3), 
(138, 'snow', 'Verb', 3), 
(139, 'son', 'Noun', 3), 
(140, 'star', 'Noun', 3), 
(141, 'sun', 'Noun', 3), 
(142, 'ten', 'Numeral', 3), 
(143, 'think', 'Verb', 3), 
(144, 'three', 'Numeral', 3), 
(145, 'through', 'Preposition', 3), 
(146, 'together', 'Adverb', 3), 
(147, 'tooth', 'Noun', 3), 
(148, 'tree', 'Noun', 3), 
(149, 'twenty', 'Numeral', 3), 
(150, 'two', 'Numeral', 3), 
-- (151, 1, 'two tens', 'Numeral', 3), 
(152, 'warm', 'Adjective', 3), 
(153, 'water', 'Noun', 3), 
(154, 'what', 'Pronoun', 3), 
(155, 'who', 'Adverb', 3), 
(156, 'wind', 'Noun', 3), 
(157, 'wood', 'Noun', 3), 
(158, 'young', 'Adjective', 3), 
(159, 'you', 'Pronoun', 3); 

-- FROM English
INSERT INTO translation_tbl(id, from_word_id, to_lang_id, to_word_id, comment, alt_translation) VALUES
(1, 78, 1, 72, null, null),
(2, 79, 1, 56, null, null),
(3, 80, 1, 22, null, null),
(4, 16, 3, null, null, 'give birth'),
(5, 16, 3, null, null, 'two tens'),
(6, 16, 3, null, null, 'in front of');